[
  {
    "code": "AB",
    "name": "Alberta",
    "type": "province",
    "region": "Prairie Provinces",
    "capital": "Edmonton"
  },
  {
    "code": "BC",
    "name": "British Columbia",
    "type": "province",
    "region": "West Coast",
    "capital": "Victoria"
  },
  {
    "code": "MB",
    "name": "Manitoba",
    "type": "province",
    "region": "Prairie Provinces",
    "capital": "Winnipeg"
  },
  {
    "code": "NB",
    "name": "New Brunswick",
    "type": "province",
    "region": "Atlantic region",
    "capital": "Fredericton"
  },
  {
    "code": "NL",
    "name": "Newfoundland and Labrador",
    "type": "province",
    "region": "Atlantic region",
    "capital": "St. John's"
  },
  {
    "code": "NS",
    "name": "Nova Scotia",
    "type": "province",
    "region": "Atlantic region",
    "capital": "Halifax"
  },
  {
    "code": "ON",
    "name": "Ontario",
    "type": "province",
    "region": "Central Canada",
    "capital": "Toronto"
  },
  {
    "code": "PE",
    "name": "Prince Edward Island",
    "type": "province",
    "region": "Atlantic region",
    "capital": "Charlottetown"
  },
  {
    "code": "QC",
    "name": "Quebec",
    "type": "province",
    "region": "Central Canada",
    "capital": "Quebec City"
  },
  {
    "code": "SK",
    "name": "Saskatchewan",
    "type": "province",
    "region": "Prairie Provinces",
    "capital": "Regina"
  },
  {
    "code": "YT",
    "name": "Yukon",
    "type": "territory",
    "region": "North",
    "capital": "Whitehorse"
  },
  {
    "code": "NU",
    "name": "Nunavut",
    "type": "territory",
    "region": "North",
    "capital": "Iqaluit"
  },
  {
    "code": "NT",
    "name": "Northwest Territories",
    "type": "territory",
    "region": "North",
    "capital": "Yellowknife"
  }
]